id	username	screenname	lastname	firstname	party	country	membership
805823950253150208	MarcBernhardAfD	Marc Bernhard, MdB	Bernhard	Marc	AfD	DE	MdB
910878654535749632	AndreasBleckMdB	Andreas Bleck, MdB	Bleck	Andreas	AfD	DE	MdB
99268600	PeterBoehringer	Peter Boehringer	Boehringer	Peter	AfD	DE	MdB
713361366858481664	StBrandner	Stephan Brandner	Brandner	Stephan	AfD	DE	MdB
729360191263780867	Marcus_Buehl	Marcus Bühl, AfD MdB	Bühl	Marcus	AfD	DE	MdB
810957560723505152	PetrBystronAfD	Petr Bystron	Bystron	Petr	AfD	DE	MdB
814970546366611457	JoanaCotar	Joana Cotar, MdB	Cotar	Joana	AfD	DE	MdB
848618993015500802	GottfriedCurio	Dr. Gottfried Curio	Curio	Gottfried	AfD	DE	MdB
885167849685340161	EspendillerM	Dr. Michael Espendiller	Espendiller	Michael	AfD	DE	MdB
916324637046435840	DrFriesenMdB	Dr. Anton Friesen, MdB 	Friesen	Anton	AfD	DE	MdB
4130621842	Frohnmaier_AfD	Markus Frohnmaier	Frohnmaier	Markus	AfD	DE	MdB
809895794	GtzFrmming	Götz Frömming, MdB	Frömming	Götz	AfD	DE	MdB
1862781722	axelgehrke	Axel Gehrke	Gehrke	Axel	AfD	DE	MdB
1286011081	KayGottschalk1	Kay Gottschalk	Gottschalk	Kay	AfD	DE	MdB
282687385	R_Hartwig_AfD	Dr. Roland Hartwig, MdB	Hartwig	Roland	AfD	DE	MdB
717077328669646849	Jochen_Haug	Jochen Haug, MdB	Haug	Jochen	AfD	DE	MdB
849060114388705280	UdoHemmelgarn	Udo Hemmelgarn, MdB	Hemmelgarn	Udo	AfD	DE	MdB
3384824825	WaldemarHerdt	Waldemar Herdt, MdB	Herdt	Waldemar	AfD	DE	MdB
872663038805016576	Martin_Hess_AfD	Martin Hess	Hess	Martin	AfD	DE	MdB
739531034761498624	Leif_Erik_Holm	Leif-Erik Holm	Holm	Leif-Erik	AfD	DE	MdB
2527085323	Huber_AfD	Johannes Huber, MdB	Huber	Johannes	AfD	DE	MdB
944181149424898048	Jacobi_AfD	Fabian Jacobi MdB	Jacobi	Fabian	AfD	DE	MdB
4121053541	Marc_Jongen	Dr. Marc Jongen	Jongen	Marc	AfD	DE	MdB
865920519668989955	NKleinwaechter	Norbert Kleinwächter	Kleinwächter	Norbert	AfD	DE	MdB
781747720897892352	EnricoKomning	Enrico Komning MdB	Komning	Enrico	AfD	DE	MdB
912223443231428609	SteffenKotre	Steffen Kotré	Kotré	Steffen	AfD	DE	MdB
4875914470	MdB_Lucassen	Rüdiger Lucassen, MdB	Lucassen	Rüdiger	AfD	DE	MdB
940532615177752576	Frank_Magnitz	Frank Magnitz	Magnitz	Frank	AfD	DE	MdB
916639458409242624	JensMaierAfD	Jens Maier	Maier	Jens	AfD	DE	MdB
824210890354520064	ProfMaier	Prof. Dr. Lothar Maier MdB	Maier	Lothar	AfD	DE	MdB
868762469115846657	CorinnaMiazga	Corinna Miazga, MdB	Miazga	Corinna	AfD	DE	MdB
2618890032	mrosek1958	Andreas Mrosek, MdB	Mrosek	Andreas	AfD	DE	MdB
863657874941255684	S_Muenzenmaier	Sebastian Münzenmaier, MdB	Münzenmaier	Sebastian	AfD	DE	MdB
3408940048	Jan_Nolte_AfD	Jan Nolte	Nolte	Jan	AfD	DE	MdB
3384795790	Ulrich_Oehme	Ulrich Oehme, MdB	Oehme	Ulrich	AfD	DE	MdB
1534201208	ttte94	Gerold Otten	Otten	Gerold	AfD	DE	MdB
1490376331	Frank_Pasemann	Frank Pasemann, MdB	Pasemann	Frank	AfD	DE	MdB
2496104640	TobiasMPeterka	Tobias M. Peterka	Peterka	Tobias	AfD	DE	MdB
774308243124391937	Paul_Podolay	Paul Podolay, MdB	Podolay	Paul	AfD	DE	MdB
175071092	Pohl_MdB	Jürgen Pohl	Pohl	Jürgen	AfD	DE	MdB
2545743991	M_Reichardt_AfD	Martin Reichardt, MdB	Reichardt	Martin	AfD	DE	MdB
2535401947	Renner_AfD	Martin Erwin Renner	Renner	Martin Erwin	AfD	DE	MdB
866924100	ulschzi	Ulrike Schielke-Ziesing,MdB	Schielke-Ziesing	Ulrike	AfD	DE	MdB
1009025255753601024	DrRobbySchlund	Dr. Robby Schlund, MdB	Schlund	Robby	AfD	DE	MdB
913358838736310272	Th_Seitz_AfD	Thomas Seitz, MdB	Seitz	Thomas	AfD	DE	MdB
918405860862382082	Martin_Sichert	Martin Sichert, MdB	Sichert	Martin	AfD	DE	MdB
810537151729373184	DirkSpaniel	Dr. Dirk Spaniel	Spaniel	Dirk	AfD	DE	MdB
4429947807	ElsnervonGronow	Berengar Elsner von Gronow, MdB	von Gronow	Berengar Elsner	AfD	DE	MdB
805308596	Beatrix_vStorch	Beatrix von Storch	von Storch	Beatrix	AfD	DE	MdB
833398209053605888	Alice_Weidel	Alice Weidel	Weidel	Alice	AfD	DE	MdB
841412635270762496	h_weyel	Prof. Harald Weyel	Weyel	Harald	AfD	DE	MdB
920193967937019904	ChrWirthMdB	Dr. Christian Wirth, MdB	Wirth	Christian	AfD	DE	MdB
4503658823	Witt_Uwe	Uwe Witt MdB	Witt	Uwe	AfD	DE	MdB
378693834	peteraltmaier	Peter Altmaier	Altmaier	Peter	CDU	DE	MdB
934016327567790080	Philipp_Amthor	Philipp Amthor	Amthor	Philipp	CDU	DE	MdB
2797812265	Thomas_Bareiss	Thomas Bareiß	Bareiß	Thomas	CDU	DE	MdB
569257486	MaikBeermann	Maik Beermann	Beermann	Maik	CDU	DE	MdB
61577387	Manfredbehrens	Manfred Behrens, CDU	Behrens	Manfred	CDU	DE	MdB
830085678063030273	c_bernstiel	Christoph Bernstiel	Bernstiel	Christoph	CDU	DE	MdB
445375409	Peter_Beyer	Peter Beyer MdB	Beyer	Peter	CDU	DE	MdB
935815000006053888	MBiadaczMdB	Marc Biadacz MdB	Biadacz	Marc	CDU	DE	MdB
23925041	SteffenBilger	Steffen Bilger	Bilger	Steffen	CDU	DE	MdB
19108071	HBraun	Helge Braun	Braun	Helge	CDU	DE	MdB
150372237	HeikeBrehmerMdB	Heike Brehmer	Brehmer	Heike	CDU	DE	MdB
38001527	rbrinkhaus	Ralph Brinkhaus	Brinkhaus	Ralph	CDU	DE	MdB
47151012	UweFe	Uwe Feiler	Feiler	Uwe	CDU	DE	MdB
160906608	Axel_Fischer	Axel Fischer	Fischer	Axel	CDU	DE	MdB
1181598578508214272	thorsten_frei	Thorsten Frei	Frei	Thorsten	CDU	DE	MdB
66750542	fuchtel	Hans-Joachim Fuchtel	Fuchtel	Hans-Joachim	CDU	DE	MdB
51483238	thomasgebhart	Thomas Gebhart MdB	Gebhart	Thomas	CDU	DE	MdB
1125751445205262336	gitta_connemann	Gitta Connemann	Gonnemann	Gitta	CDU	DE	MdB
94363834	groehe	Hermann Gröhe	Gröhe	Hermann	CDU	DE	MdB
574424501	MGrosseBroemer	M. Grosse-Brömer	Grosse-Brömer	Michael	CDU	DE	MdB
796691290016583680	GruebelMdb	Markus Grübel MdB	Grübel	Markus	CDU	DE	MdB
779601750789656576	FGuentzler	Fritz Güntzler	Güntzler	Fritz	CDU	DE	MdB
58429842	olavgutting	Olav Gutting	Gutting	Olav	CDU	DE	MdB
1601699642	ChristianHaase6	Christian Haase	Haase	Christian	CDU	DE	MdB
38467606	juergenhardt	Jürgen Hardt MdB	Hardt	Jürgen	CDU	DE	MdB
1158585210	MatthiasHauer	Matthias Hauer	Hauer	Matthias	CDU	DE	MdB
1370491088	MarkHauptmann	Mark Hauptmann	Hauptmann	Mark	CDU	DE	MdB
154064825	MatthiasHeider	Matthias Heider	Heider	Matthias	CDU	DE	MdB
974367631	MechthildHeil	Mechthild Heil	Heil	Mechthild	CDU	DE	MdB
56806603	ThomasHeilmann	Thomas Heilmann	Heilmann	Thomas	CDU	DE	MdB
43959185	FrankHeinrich	Frank Heinrich	Heinrich	Frank	CDU	DE	MdB
44608858	MarcHenrichmann	Marc Henrichmann	Henrichmann	Marc	CDU	DE	MdB
37642893	ChristianHirte	Christian Hirte	Hirte	Christian	CDU	DE	MdB
1513671236	HHirte	Heribert Hirte	Hirte	Heribert	CDU	DE	MdB
37105136	tj_tweets	Thomas Jarzombek	Jarzombek	Thomas	CDU	DE	MdB
23296367	Ingmar_Jung	Ingmar Jung	Jung	Ingmar	CDU	DE	MdB
2521976694	AnjaKarliczek	Anja Karliczek	Karliczek	Anja	CDU	DE	MdB
3188225915	KartesMdB	Torbjörn Kartes	Kartes	Torbjörn	CDU	DE	MdB
51752254	StefanKaufmann	Stefan Kaufmann	Kaufmann	Stepfan	CDU	DE	MdB
2405039875	RonjaKemmer	Ronja Kemmer	Kemmer	Ronja	CDU	DE	MdB
42698498	RKiesewetter	Roderich Kiesewetter	Kiesewetter	Roderich	CDU	DE	MdB
33043294	VolkmarKlein	Volkmar Klein	Klein	Volkmar	CDU	DE	MdB
928974816220254208	axel_knoerig	Axel Knoerig	Knoerig	Axel	CDU	DE	MdB
146376562	JensKoeppen	Jens Koeppen	Koeppen	Jens	CDU	DE	MdB
2664174617	KoobMar	Markus Koob	Koob	Markus	CDU	DE	MdB
392312829	guenterkrings	Günter Krings	Krings	Günter	CDU	DE	MdB
20916357	RuedigerKruse	Rüdiger Kruse	Kruse	Rüdiger	CDU	DE	MdB
1906911697	Dr_Roy_Kuehne	Dr. Roy Kühne	Kühne	Roy	CDU	DE	MdB
467381196	KLeikert	Katja Leikert	Leikert	Katja	CDU	DE	MdB
143351769	NikolasLoebel	Nikolas Löbel	Löbel	Nikolas	CDU	DE	MdB
22908417	JM_Luczak	Dr. Jan-Marco Luczak	Luczak	Jan-Marco	CDU	DE	MdB
1095023450790547457	MaagKarin	Karin Maag	Maag	Karin	CDU	DE	MdB
3852561082	YvonneMagwas	Yvonne Magwas	Magwas	Yvonne	CDU	DE	MdB
1095781218	ManderlaGisela	Gisela Manderla	Manderla	Gisela	CDU	DE	MdB
23447001	AMattfeldt	AMattfeldt	Mattfeldt	Andreas	CDU	DE	MdB
34214048	meister_schafft	Dr. Michael Meister	Meister	Michael	CDU	DE	MdB
995653004	JanMetzler	Jan Metzler	Metzler	Jan	CDU	DE	MdB
1180102389275205632	MdBMonstadt	Dietrich Monstadt	Monstadt	Dietrich	CDU	DE	MdB
1099159964	KarstenMoering	Karsten Möring	Möring	Karsten	CDU	DE	MdB
1135510177292197888	ElisabethMotsc1	Elisabeth Motschmann MdB	Motschmann	Elisabeth	CDU	DE	MdB
801803127762669568	mueller_sepp	Sepp Müller	Müller	Sepp	CDU	DE	MdB
49450039	DrAndreasNick	Dr. Andreas Nick	Nick	Andreas	CDU	DE	MdB
906847944	WilfriedOellers	Wilfried Oellers	Oellers	Wilfried	CDU	DE	MdB
28089973	josefoster	Josef Oster	Oster	Josef	CDU	DE	MdB
1082464339	SylviaPantel	Sylvia Pantel, MdB	Pantel	Sylvia	CDU	DE	MdB
1159072277746593792	MPatzeltCDU	Martin Patzelt	Patzelt	Martin	CDU	DE	MdB
1052524172717375488	_ThomasRachel	Thomas Rachel	Rachel	Thomas	CDU	DE	MdB
1040160799208161280	n_roettgen	Norbert Röttgen	Röttgen	Norbert	CDU	DE	MdB
963904327	StefanRouenhoff	Stefan Rouenhoff	Rouenhoff	Stefan	CDU	DE	MdB
33071479	Erwin_Rueddel	Erwin Rüddel	Rüddel	Erwin	CDU	DE	MdB
874474169106395136	SchaeferCDU	Anita Schäfer	Schäfer	Anita	CDU	DE	MdB
728990858	JanaSchimke	Jana Schimke	Schimke	Jana	CDU	DE	MdB
39938182	TSchipanski	Tankred Schipanski	Schipanski	Tankred	CDU	DE	MdB
368334555	PSchnieder	Patrick Schnieder	Schnieder	Patrick	CDU	DE	MdB
41840905	NadineSchoen	Nadine Schön	Schön	Nadine	CDU	DE	MdB
162398888	felixschreiner	Felix Schreiner	Schreiner	Felix	CDU	DE	MdB
409203792	UweSchummer	Uwe Schummer	Schummer	Uwe	CDU	DE	MdB
395912134	armin_schuster	Armin Schuster	Schuster	Armin	CDU	DE	MdB
2758602415	cdu_schweiger	Torsten Schweiger	Schweiger	Torsten	CDU	DE	MdB
43537931	PatrickSensburg	Patrick Sensburg	Sensburg	Patrick	CDU	DE	MdB
110385973	TinoSorge	Tino Sorge	Sorge	Tino	CDU	DE	MdB
299650387	jensspahn	Jens Spahn	Spahn	Jens	CDU	DE	MdB
26869088	franksteffel	Frank Steffel	Steffel	Frank	CDU	DE	MdB
1127961248493129728	StegemannAlbert	Albert Stegemann	Stegemann	Albert	CDU	DE	MdB
3236928208	AndreasSteier	Andreas Steier	Steier	Andreas	CDU	DE	MdB
2885729417	Peter_Stein_CDU	Peter Stein	Stein	Peter	CDU	DE	MdB
277006619	SteinekeCDU	Sebastian Steineke	Steineke	Sebastian	CDU	DE	MdB
83474160	JoSteiniger	Johannes Steiniger	Steiniger	Johannes	CDU	DE	MdB
20534846	gero_storjohann	Gero Storjohann	Storjohann	Gero	CDU	DE	MdB
22260144	petertauber	Peter Tauber	Tauber	Peter	CDU	DE	MdB
829056811974144001	alexander_throm	Alexander Throm	Throm	Alexander	CDU	DE	MdB
4818645382	dr_tiemann	Dietlind Tiemann	Tiemann	Dietlind	CDU	DE	MdB
1082925763316367360	AntjeTillmann	Antje Tillmann	Tillmann	Antje	CDU	DE	MdB
862747349277450240	mvabercron	Dr. Michael von Abercron MdB	von Abercron	Michael	CDU	DE	MdB
389682667	JoWadephul	Johann Wadephul	Wadephul	Johann	CDU	DE	MdB
16361044	wanderwitz	Marco Wanderwitz	Wanderwitz	Marco	CDU	DE	MdB
65413134	ninawarken	Nina Warken	Warken	Nina	CDU	DE	MdB
39999872	kaiwegner	Kai Wegner	Wegner	Kai	CDU	DE	MdB
884382990	MarcusWeinberg	Marcus Weinberg	Weinberg	Marcus	CDU	DE	MdB
54202670	PeterWeissMdB	Peter Weiß	Weiß	Peter	CDU	DE	MdB
54535670	Wellenreuther	Ingo Wellenreuther	Wellenreuther	Ingo	CDU	DE	MdB
2430137675	MdbWendt	Marian Wendt	Wendt	Marian	CDU	DE	MdB
2479436480	Kai_Whittaker	Kai Whittaker	Whittaker	Kai	CDU	DE	MdB
3351905747	AWidmannMauz	A.Widmann-Mauz	Widmann-Mauz	Annette	CDU	DE	MdB
288696645	PaulZiemiak	Paul Ziemiak	Ziemiak	Paul	CDU	DE	MdB
52994606	matthiaszimmer	matthias zimmer	Zimmer	Matthias	CDU	DE	MdB
140821364	DoroBaer	Dorothee Bär	Bär	Dorothee	CSU	DE	MdB
904304932257492992	Brehm_inNBGNord	Sebastian Brehm MdB	Brehm	Sebastian	CSU	DE	MdB
1662533040	Hansjoerg_Durz	Hansjörg Durz	Durz	Hansjörg	CSU	DE	MdB
2192588903	Terndl	Thomas Erndl	Erndl	Thomas	CSU	DE	MdB
708224250885349376	HPFriedrichCSU	Hans-Peter Friedrich	Friedrich	Hans-Peter	CSU	DE	MdB
4577700622	MichaelFrieser	Michael Frieser	Frieser	Michael	CSU	DE	MdB
403735368	hahnflo	Florian Hahn	Hahn	Florian	CSU	DE	MdB
730314294	Kiessling_MdB	Michael Kiessling	Kießling	Michael	CSU	DE	MdB
4249342037	MichaelKuffer	Michael Kuffer	Kuffer	Michael	CSU	DE	MdB
4926993244	DrLaunert	Dr. Silke Launert	Launert	Silke	CSU	DE	MdB
3635730797	DerLenzMdB	Andreas Lenz	Lenz	Andreas	CSU	DE	MdB
1446031532	AndreaLindholz	Andrea Lindholz	Lindholz	Linnemann	CSU	DE	MdB
1019846605044936705	DaniLudwigMdB	Daniela Ludwig	Ludwig	Daniela	CSU	DE	MdB
824221646290616321	hans_michelbach	Hans Michelbach	Mechelbach	Hans	CSU	DE	MdB
17960911	smuellermdb	Stefan Müller	Müller	Stefan	CSU	DE	MdB
1294532364	Florian_Ossner	Florian Oßner	Oßner	Florian	CSU	DE	MdB
819914159915667456	StephPilsinger	Stephan Pilsinger, MdB	Pilsinger	Stephan	CSU	DE	MdB
2831760211	AlexanderRadwan	Alexander Radwan	Radwan	Alexander	CSU	DE	MdB
50315139	AndiScheuer	Andreas Scheuer	Scheuer	Andreas	CSU	DE	MdB
951489275312443392	SilberhornMdB	Thomas Silberhorn MdB	Silberhorn	Thomas	CSU	DE	MdB
825019912083038208	katrin_staffler	Katrin Staffler	Staffler	Katrin	CSU	DE	MdB
4866955749	StefingerMdB	Wolfgang Stefinger	Stefinger	Wolfgang	CSU	DE	MdB
28446356	VolkerUllrich	Volker Ullrich	Ullrich	Volker	CSU	DE	MdB
133770069	anjaweisgerber	Anja Weisgerber	Weisgerber	Anja	CSU	DE	MdB
976107205849206784	aggelidis_fdp	Grigorios Aggelidis	Aggelidis	Grigorios	FDP	DE	MdB
1001837201276235777	RenataAlt_MdB	Renata Alt	Alt	Renate	FDP	DE	MdB
25980076	cad59	Christine Aschenberg-Dugnus MdB	Aschenberg-Dugnus	Christine	FDP	DE	MdB
179216369	jensbeeck	Jens Beeck	Beeck	Jens	FDP	DE	MdB
857906951707127808	JBrandenburgFDP	Jens Brandenburg	Brandenburg	Jens	FDP	DE	MdB
802968497831739392	BraFDP	Mario Brandenburg	Brandenburg	Mario	FDP	DE	MdB
935554963639558145	busen_mdb	Karlheinz Busen	Busen	Karlheinz	FDP	DE	MdB
960463104537657344	DjirSarai	Bijan Djir-Sarai	Djir-Sarai	Bijan	FDP	DE	MdB
17535941	christianduerr	Christian Dürr	Dürr	Christian	FDP	DE	MdB
916950563815870464	HartmutEbbing	Hartmut Ebbing, MdB	Ebbing	Hartmut	FDP	DE	MdB
22364234	MarcusFaber	Marcus Faber	Faber	Marcus	FDP	DE	MdB
422569574	DFoest	Daniel Föst	Föst	Daniel	FDP	DE	MdB
18044683	Otto_Fricke	OttO Fricke	Fricke	Otto	FDP	DE	MdB
89209507	hacker_fdp	Thomas Hacker	Hacker	Thomas	FDP	DE	MdB
1858621434	PeterHeidtFDP	Peter Heidt	Heidt	Peter	FDP	DE	MdB
21267421	KatrinHelling	Katrin Helling-Plahr	Helling-Plahr	Katrin	FDP	DE	MdB
17561226	torstenherbst	Torsten Herbst MdB	Herbst	Torsten	FDP	DE	MdB
107806591	fdp_hessel	Katja Hessel	Hessel	Katja	FDP	DE	MdB
966707365893558273	GeroHocker	Gero Hocker	Hocker	Gero	FDP	DE	MdB
17483463	ManuelHoeferlin	Manuel Höferlin	Höferlin	Manuel	FDP	DE	MdB
1085494381405237251	HoffmannForest	Dr. forest Christoph Hoffmann	Hoffmann	Christoph	FDP	DE	MdB
825069798140833794	HoubenReinhard	Reinhard Houben	Houben	Reinhard	FDP	DE	MdB
997415730051207169	ullaihnen	Ulla Ihnen	Ihnen	Ulla	FDP	DE	MdB
913327957602693121	olafinderbeek	Olaf in der Beek MdB	in der Beek	Olaf	FDP	DE	MdB
1530171613	GydeJ	Gyde Jensen	Jensen	Gyde	FDP	DE	MdB
740178046649565184	c_jung77	Christian Jung	Jung	Christian	FDP	DE	MdB
22755312	KemmerichThL	Thomas L. Kemmerich	Kemmerich	Thomas L.	FDP	DE	MdB
28327765	DanielaKluckert	Daniela Kluckert	Klcukert	Daniela	FDP	DE	MdB
995228494023086080	MdBKlein	Karsten Klein, MdB	Klein	Karstein	FDP	DE	MdB
19909974	PascalKober	Pascal Kober	Kober	Pascal	FDP	DE	MdB
898597063444877313	koehler_fdp	Lukas Köhler	Köhler	Lukas	FDP	DE	MdB
874304935906729986	carina_konrad	Carina Konrad	Konrad	Carina	FDP	DE	MdB
475275997	KonstantinKuhle	Konstantin Kuhle	Kuhle	Konstantin	FDP	DE	MdB
1743275384	Akulitz	Alex Kulitz	Kulitz	Alexander	FDP	DE	MdB
149299258	Lambsdorff	Alexander Lambsdorff	Lambsdorff	Alexander	FDP	DE	MdB
988765113606918144	ulrichlechte	Ulrich Lechte, MdB	Lechte	Ulrich	FDP	DE	MdB
122104353	c_lindner	Christian Lindner	Lindner	Christian	FDP	DE	MdB
3034092143	michael_g_link	Michael Georg Link	Link	Michael Georg	FDP	DE	MdB
21144568	OlliLuksic	Oliver Luksic	Luksic	Oliver	FDP	DE	MdB
954049866283483136	TillMansmann	Till Mansmann	Mansmann	Till	FDP	DE	MdB
861992050358616064	ChristophFDP	Christoph Meyer	Meyer	Christoph	FDP	DE	MdB
936235058792484864	alexmuellerfdp	Alexander Müller	Müller	Alexander	FDP	DE	MdB
2373251115	muellerboehm	Roman Müller-Böhm	Müller-Böhm	Roman	FDP	DE	MdB
984048002967982080	theliberalfrank	Frank Müller-Rosentritt, MdB	Müller-Rosentritt	Frank	FDP	DE	MdB
974589289689427968	_MartinNeumann	Prof. Dr.-Ing. Martin Neumann	Neumann	Martin	FDP	DE	MdB
925657781759332353	reinholdmdb	Hagen Reinhold, MdB	Reinhold	Hagen	FDP	DE	MdB
930422173478608903	reuther_bernd	Bernd Reuther	Reuther	Bernd	FDP	DE	MdB
2710786593	ruppert_stefan	Stefan Ruppert	Ruppert	Stefan	FDP	DE	MdB
1296544153	th_sattelberger	Thomas Sattelberger	Sattelberger	Thomas	FDP	DE	MdB
18189342	f_schaeffler	Frank Schäffler	Schäffler	Frank	FDP	DE	MdB
828943222432997376	WSchinnenburg	Wieland Schinnenburg	Schinnenburg	Wieland	FDP	DE	MdB
18000943	jimmyschulz	jimmyschulz	Schulz	Jimmy	FDP	DE	MdB
1006099793888841729	mseesternpauly	Matthias Seestern-Pauly	Seestern-Pauly	Matthias	FDP	DE	MdB
28087038	franksitta	Frank Sitta	Sitta	Frank	FDP	DE	MdB
948958759560376320	JudithSkudelny	Judith Skudelny	Skudelny	Judith	FDP	DE	MdB
16325209	solms	Hermann Otto Solms	Solms	Hermann Otto	FDP	DE	MdB
38228691	starkwatzinger	Bettina Stark-Watzinger	Stark-Watzinger	Bettina	FDP	DE	MdB
3047392319	MAStrackZi	Marie-Agnes Strack-Zimmermann	Strack-Zimmermann	Marie-Agnes	FDP	DE	MdB
29540300	bstrasser	Benjamin Strasser	Strasser	Benjamin	FDP	DE	MdB
18880634	KatjaSuding	KatjaSuding	Suding	Katja	FDP	DE	MdB
170964436	LindaTeuteberg	Linda Teuteberg	Teuteberg	Linda	FDP	DE	MdB
1108382916	EUTheurer	Michael Theurer	Theurer	Michael	FDP	DE	MdB
75005687	StephanThomae	Stephan Thomae	Thomae	Stephan	FDP	DE	MdB
17462171	florian_toncar	Florian Toncar	Toncar	Florian	FDP	DE	MdB
609972369	UllmannMdB	Andrew Ullmann	Ullmann	Andrew	FDP	DE	MdB
935456332655874048	G_UllrichFDP	Gerald Ullrich MdB	Ullrich	Gerald	FDP	DE	MdB
15630931	johannesvogel	Johannes Vogel	Vogel	Johannes	FDP	DE	MdB
858362895075340288	sandra_weeser	Sandra Weeser	Weeser	Sandra	FDP	DE	MdB
958634602905718785	k_willkomm	Katharina Willkomm	Willkomm	Katharina	FDP	DE	MdB
282195399	badulrichmartha	Lisa Badum	Badum	Lisa	Grüne	DE	MdB
2179010672	ABaerbock	Annalena Baerbock	Baerbock	Annalena	Grüne	DE	MdB
480623844	MargareteBause	Margarete Bause	Bause	Margarete	Grüne	DE	MdB
808400627084705792	DerDanyal	Danyal Bayaz	Bayaz	Danyal	Grüne	DE	MdB
587862375	LieblingXhain	Canan Bayram	Bayram	Canan	Grüne	DE	MdB
32323724	fbrantner	Franziska Brantner	Brantner	Franziska	Grüne	DE	MdB
172269309	agnieszka_mdb	Agnieszka Brugger	Brugger	Agnieszka	Grüne	DE	MdB
1617177360	annachristmann	Anna Christmann	Christmann	Anna	Grüne	DE	MdB
22125770	ekindeligoez	Ekin Deligöz	Deligöz	Ekin	Grüne	DE	MdB
19738866	katjadoerner	Katja Dörner	Dörner	Katja	Grüne	DE	MdB
15722010	katdro	Katharina Dröge	Dröge	Katharina	Grüne	DE	MdB
52431948	ebner_sha	Harald Ebner	Ebner	Harald	Grüne	DE	MdB
727782559	MatthiasGastel	Matthias Gastel	Gastel	Matthias	Grüne	DE	MdB
110368456	KaiGehring	Kai Gehring	Gehring	Kai	Grüne	DE	MdB
426582569	StefanGelbhaar	Stefan Gelbhaar	Gelbhaar	Stefan	Grüne	DE	MdB
626287930	GoeringEckardt	Katrin Göring-Eckardt	Göring-Eckardt	Katrin	Grüne	DE	MdB
951773879822880768	Erhard_Grundl	Erhard Grundl	Grundl	Erhard	Grüne	DE	MdB
4724923756	HajdukBundestag	Anja Hajduk	Hajduk	Anja	Grüne	DE	MdB
1131092102	BriHasselmann	Britta Haßelmann	Haßelmann	Britta	Grüne	DE	MdB
971040144420720641	bhoffmann_mdb	Bettina Hoffmann	Hoffmann	Bettina	Grüne	DE	MdB
442678902	ToniHofreiter	Anton Hofreiter	Hofreiter	Anton	Grüne	DE	MdB
52024480	Djanecek	Dieter Janecek	Janecek	Dieter	Grüne	DE	MdB
955357684013953025	KirstenKappert	Kirsten Kappert-Gonther	Kappert-Gonther	Kirsten	Grüne	DE	MdB
46480553	Uwekekeritz	Uwe Kekeritz	Kekeritz	Uwe	Grüne	DE	MdB
959105406416162823	KatjaKeul	Katja Keul	Keul	Katja	Grüne	DE	MdB
17343047	sven_kindler	Sven Kindler	Kindler	Sven-Christian	Grüne	DE	MdB
18103366	MariaKlSchmeink	Maria Klein-Schmeink	Klein-Schmeink	Maria	Grüne	DE	MdB
474013625	BabettesChefin	Sylvia Kotting-Uhl	Kotting-Uhl	Sylvia	Grüne	DE	MdB
88630242	Oliver_Krischer	Oliver Krischer	Krischer	Oliver	Grüne	DE	MdB
1143130812	ChrisKuehn_mdb	Chris Kühn	Kühn	Christian	Grüne	DE	MdB
104100946	stephankuehn	Stephan Kühn	Kühn	Stephan	Grüne	DE	MdB
1425265488	RenateKuenast	Renate Künast	Künast	Renate	Grüne	DE	MdB
150188536	markuskurthmdb	Markus Kurth	Kurth	Markus	Grüne	DE	MdB
60630139	monikalazar	Monika Lazar	Lazar	Monika	Grüne	DE	MdB
16706236	svenlehmann	Sven Lehmann	Lehmann	Sven	Grüne	DE	MdB
17229513	SteffiLemke	SteffiLemke	Lemke	Steffi	Grüne	DE	MdB
21197524	tobiaslindner	Dr. Tobias Lindner	Lindner	Tobias	Grüne	DE	MdB
143000381	IreneMihalic	Irene Mihalic	Mihalic	Irene	Grüne	DE	MdB
937403112	GruenClaudia	Claudia Müller	Müller	Claudia	Grüne	DE	MdB
53426644	GrueneBeate	Beate Müller-Gemmeke	Müller-Gemmeke	Beate	Grüne	DE	MdB
16674128	nouripour	Omid Nouripour	Nouripour	Omid	Grüne	DE	MdB
19108766	cem_oezdemir	Cem Özdemir	Özdemir	Cem	Grüne	DE	MdB
569166756	lisapaus	Lisa Paus	Paus	Lisa	Grüne	DE	MdB
194535434	filizgreen	Filiz Polat	Polat	Filiz	Grüne	DE	MdB
53351462	TabeaRoessner	Tabea Rößner	Rößner	Tabea	Grüne	DE	MdB
1524735194	crueffer	Corinna Rüffer	Rüffer	Corinna	Grüne	DE	MdB
17922403	ManuelSarrazin	Manuel Sarrazin	Sarrazin	Manuel	Grüne	DE	MdB
17363943	ulle_schauws	Ulle Schauws	Schauws	Ulle	Grüne	DE	MdB
930725836482928640	Schmidt_MdB	Stefan Schmidt	Schmidt	Stefan	Grüne	DE	MdB
17870195	K_SA	Kordula Schulz-Asche	Schulz-Asche	Kordula	Grüne	DE	MdB
20840049	W_SK	Dr. Wolfgang Strengmann-Kuhn	Strengmann-Kuhn	Wolfgang	Grüne	DE	MdB
943082490482262016	margit_stumpp	Margit Stumpp	Stumpp	Margit	Grüne	DE	MdB
2306519694	MarkusTressel	Markus Tressel	Tressel	Markus	Grüne	DE	MdB
485751594	JTrittin	Jürgen Trittin	Trittin	Jürgen	Grüne	DE	MdB
1475734592	julia_verlinden	Dr. Julia Verlinden, MdB	Verlinden	Julia	Grüne	DE	MdB
2357675876	OWvonHoltz	Ottmar von Holtz	von Holtz	Ottmar	Grüne	DE	MdB
17752770	KonstantinNotz	Konstantin v. Notz	von Notz	Konstantin	Grüne	DE	MdB
874917828436078592	danywagner_da	Daniela Wagner	Wagner	Daniela	Grüne	DE	MdB
47049428	BeateWaRo	Beate W.-Rosenheimer	Walter-Rosenheimer	Beate	Grüne	DE	MdB
176104376	SBarrientosK	Simone Barrientos	Barrientos	Simone	LINKE	DE	MdB
4819478705	DorisAchelwilm	Doris Achelwilm	Achelwilm	Doris	LINKE	DE	MdB
800457587510476800	AkbulutGokay	Gökay Akbulut MdB	Akbulut	Gökay	LINKE	DE	MdB
2320519958	DietmarBartsch	Dietmar Bartsch	Bartsch	Dietmar	LINKE	DE	MdB
136266976	lgbeutin	Lorenz Gösta Beutin	Beutin	Lorenz Gösta	LINKE	DE	MdB
748851762	MWBirkwald	Matthias W. Birkwald	Birkwald	Matthias	LINKE	DE	MdB
426403057	ch_buchholz	Christine Buchholz	Buchholz	Christine	LINKE	DE	MdB
81394072	Birke_Bull	Birke Bull-Bischoff	Bull-Bischoff	Birke	LINKE	DE	MdB
139407967	SevimDagdelen	Sevim Dagdelen, MdB	Dagdelen	Sevim	LINKE	DE	MdB
14784765	FabioDeMasi	Fabio De Masi, MdB	De Masi	Fabio	LINKE	DE	MdB
20986770	Diether_Dehm	Diether Dehm	Dehm	Diether	LINKE	DE	MdB
16557497	anked	anke domscheit-berg	Domscheit-Berg	Anke	LINKE	DE	MdB
64994645	ernst_klaus	Klaus Ernst	Ernst	Klaus	LINKE	DE	MdB
925703909825548288	MdB_Freihold	MdB Brigitte Freihold	Freihold	Brigitte	LINKE	DE	MdB
866425075	NicoleGohlke	Nicole Gohlke	Gohlke	Nicole	LINKE	DE	MdB
888289790	GregorGysi	Gregor Gysi	Gysi	Gregor	LINKE	DE	MdB
332264734	HeikeHaensel	Heike Hänsel	Hänsel	Heike	LINKE	DE	MdB
15686106	MatthiasHoehn	Matthias Höhn, MdB	Höhn	Matthias	LINKE	DE	MdB
87281380	AndrejHunko	Andrej Hunko	Hunko	Andrej	LINKE	DE	MdB
2837971145	UllaJelpke	Ulla Jelpke, MdB	Jelpke	Ulla	LINKE	DE	MdB
988516358236360704	AchimKessler	Achim Kessler	Kessler	Achim	LINKE	DE	MdB
28066013	katjakipping	Katja Kipping	Kipping	Katja	LINKE	DE	MdB
4164673821	jankortemdb	Jan Korte	Korte	Jan	LINKE	DE	MdB
600984834	JuttaKrellmann	Jutta Krellmann	Krellmann	Jutta	LINKE	DE	MdB
21404382	CarenLay	Caren Lay	Lay	Caren	LINKE	DE	MdB
257461232	SabineLeidig	Sabine Leidig	Leidig	Sabine	LINKE	DE	MdB
93612750	MichaelLeutert	Michael Leutert	Leutert	Michael	LINKE	DE	MdB
1065899292	berlinliebich	Stefan Liebich	Liebich	Stefan	LINKE	DE	MdB
24178198	LoetzschMdB	Gesine Lötzsch	Lötzsch	Gesine	LINKE	DE	MdB
3667108397	thlutze	Thomas Lutze	Lutze	Thomas	LINKE	DE	MdB
314534724	pascalmeiser	Pascal Meiser	Meiser	Pascal	LINKE	DE	MdB
934029228886065152	Amira_M_Ali	Amira Mohamed Ali	Mohamed Ali	Amira	LINKE	DE	MdB
2596171296	Conni_Moehring	Cornelia Möhring	Möhring	Cornelia	LINKE	DE	MdB
111054843	NiemaMovassat	Niema Movassat	Movassat	Niema	LINKE	DE	MdB
4265444913	Norbert_MdB	Norbert Müller	Müller	Norbert	LINKE	DE	MdB
2527808433	ZaklinNastic	Zaklin Nastic	Nastic	Zaklin	LINKE	DE	MdB
1182878557	AlexanderSNeu	Alexander S. Neu, MdB	Neu	Alexander S.	LINKE	DE	MdB
1421571306	NordMdb	Thomas Nord	Nord	Thomas	LINKE	DE	MdB
560467206	PetraPauMaHe	Petra Pau	Pau	Petra	LINKE	DE	MdB
74837812	LINKEPELLI	Sören Pellmann	Pellmann	Sören	LINKE	DE	MdB
3350681139	victorperli	Victor Perli MdB	Perli	Victor	LINKE	DE	MdB
16696924	tpflueger	Tobias Pflueger	Pflüger	Tobias	LINKE	DE	MdB
551802475	Ingrid_Remmers	Ingrid Remmers MdB	Remmers	Ingrid	LINKE	DE	MdB
68920005	MartinaRenner	Martina Renner	Renner	Martina	LINKE	DE	MdB
849012308	b_riexinger	Bernd Riexinger	Riexinger	Bernd	LINKE	DE	MdB
940585440746328064	MdB_Schreiber	Eva-Maria Schreiber	Schreiber	Eva-Maria	LINKE	DE	MdB
293522998	Petra_Sitte_MdB	Petra Sitte	Sitte	Petra	LINKE	DE	MdB
143882918	HESommer	Helin Evrim Sommer	Sommer	Helin Evrim	LINKE	DE	MdB
959059951523106816	FrStraetmanns	Friedrich Straetmanns, MdB	Straetmanns	Friedrich	LINKE	DE	MdB
1294725486	KirstenTackmann	Kirsten Tackmann	Tackmann	Kirsten	LINKE	DE	MdB
21287514	voglerk	Kathrin Vogler, MdB	Vogler	Kathrin	LINKE	DE	MdB
47375691	SWagenknecht	Sahra Wagenknecht	Wagenknecht	Sahra	LINKE	DE	MdB
235703405	Andi_Wagner	Andreas Wagner, MdB	Wagner	Andreas	LINKE	DE	MdB
625642009	HaraldWeinberg	Harald Weinberg	Weinberg	Harald	LINKE	DE	MdB
224630872	Katrin_Werner	Katrin Werner	Werner	Katrin	LINKE	DE	MdB
4557858142	ZdebelHubertus	Hubertus Zdebel, MdB	Zdebel	Hubertus	LINKE	DE	MdB
52119203	marcobuelow	Marco Bülow	Bülow	Marco	Parteilos	DE	MdB
2546790747	uwe_kamann	Uwe Kamann	Kamann	Uwe	Parteilos	DE	MdB
932931561015730176	MieruchMario	Mario Mieruch, MdB	Mieruch	Mario	Parteilos	DE	MdB
1273010575	FraukePetry	Frauke Petry	Petry	Frauke	Parteilos	DE	MdB
42401449	NielsAnnen	Niels Annen	Annen	Niels	SPD	DE	MdB
724565991104110592	MdB_Ulrike_Bahr	MdB Ulrike Bahr	Bahr	Ulrike	SPD	DE	MdB
4097559143	katarinabarley	Katarina Barley	Barley	Katarina	SPD	DE	MdB
3376953843	matthiasbartke	Matthias Bartke	Bartke	Matthias	SPD	DE	MdB
57293969	soerenbartol	Sören Bartol	Bartol	Sören	SPD	DE	MdB
19438957	baerbelbas	Bärbel Bas	Bas	Bärbel	SPD	DE	MdB
2617281050	Lothar_Binding	Lothar Binding	Binding	Lothar	SPD	DE	MdB
748453543632330752	LeniBreymaier	Leni Breymaier	Breymaier	Leni	SPD	DE	MdB
882929865535705088	BrunnerGanzOhr	Karl-Heinz Brunner	Brunner	Karl-Heinz	SPD	DE	MdB
36329898	BurkertMartin	Martin Burkert	Burkert	Martin	SPD	DE	MdB
17469649	larscastellucci	Lars Castellucci	Castellucci	Lars	SPD	DE	MdB
2842430247	DeRidder_MdB	Daniela De Ridder	De Ridder	Daniela	SPD	DE	MdB
316355056	KarambaDiaby	Dr. Karamba Diaby	Diaby	Karamba	SPD	DE	MdB
1872648764	dittmarsabine	Sabine Dittmar	Dittmar	Sabine	SPD	DE	MdB
1423622834	EskenSaskia	Saskia Esken	Esken	Saskia	SPD	DE	MdB
2805274855	fritzfelgentreu	Fritz Felgentreu	Felgentreu	Fritz	SPD	DE	MdB
481393623	FrankeEdgar	Dr. Edgar Franke	Franke	Edgar	SPD	DE	MdB
2317202160	UliFreese	Uli Freese	Freese	Ulrich	SPD	DE	MdB
569832889	sigmargabriel	Sigmar Gabriel	Gabriel	Sigmar	SPD	DE	MdB
976421048	A_Gloeckner	Angelika Glöckner	Glöckner	Angelika	SPD	DE	MdB
494809842	Timon_Gremmels	Timon Gremmels, MdB	Gremmels	Timon	SPD	DE	MdB
39709752	KerstinGriese	Kerstin Griese	Griese	Kerstin	SPD	DE	MdB
2814949590	michaelgrossmdb	Michael Groß	Groß	Michael	SPD	DE	MdB
867351565757239296	UliGroetsch	Uli Grötsch	Grötsch	Uli	SPD	DE	MdB
836553428042141697	RitaHaglKehl	Rita Hagl-Kehl	Hagl-Kehl	Rita	SPD	DE	MdB
1043288618	MetinHakverdi	Metin Hakverdi	Hakverdi	Metin	SPD	DE	MdB
1076269195	sebast_hartmann	Sebastian Hartmann	Hartmann	Sebastian	SPD	DE	MdB
1083371289786634240	DHeidenblut	Dirk Heidenblut	Heidenblut	Dirk	SPD	DE	MdB
15943222	hubertus_heil	Hubertus Heil	Heil	Hubertus	SPD	DE	MdB
296121556	GaHeinrich	Gabriela Heinrich	Heinrich	Gabriela	SPD	DE	MdB
2860802891	MarcusHeld_SPD	Marcus Held, MdB	Held	Marcus	SPD	DE	MdB
786498202832822272	HellmichMdB	Wolfgang Hellmich	Hellmich	Wolfgang	SPD	DE	MdB
292151515	ThomasHitschler	Thomas Hitschler	Hitschler	Thomas	SPD	DE	MdB
35846585	EvaHoegl	Dr. Eva Högl, MdB	Högl	Eva	SPD	DE	MdB
77928749	fjunge	Frank Junge	Junge	Frank	SPD	DE	MdB
738731811380076544	josip_juratovic	Josip Juratovic MdB	Juratovic	Josip	SPD	DE	MdB
231440493	KaczmarekOliver	Oliver Kaczmarek	Kaczmarek	Oliver	SPD	DE	MdB
35687457	kahrs	Johannes Kahrs	Kahrs	Johannes	SPD	DE	MdB
1425035358	Kaiser_SPD	Elisabeth Kaiser	Kaiser	Elisabeth	SPD	DE	MdB
3017602065	GabyKatzmarek	Gabriele Katzmarek	Katzmarek	Gabriele	SPD	DE	MdB
23248102	CanselK	Cansel Kiziltepe	Kiziltepe	Cansel	SPD	DE	MdB
1028440310	arnoklare	Arno Klare	Klare	Arno	SPD	DE	MdB
16255941	larsklingbeil	Lars Klingbeil	Klingbeil	Lars	SPD	DE	MdB
193629792	BaerbelKofler	Bärbel Kofler, MdB	Kofler	Bärbel	SPD	DE	MdB
516783036	danielakolbe	Daniela Kolbe	Kolbe	Daniela	SPD	DE	MdB
3930477322	KorkmazGT	Elvan Korkmaz-Emre	Korkmaz-Emre	Elvan	SPD	DE	MdB
328939758	LangeMdB	Christian Lange	Lange	Christian	SPD	DE	MdB
3292982985	Karl_Lauterbach	Karl Lauterbach	Lauterbach	Karl	SPD	DE	MdB
454981027	helgelindh	Helge Lindh	Lindh	Helge	SPD	DE	MdB
2322165327	IsabelMackensen	Isabel Mackensen	Mackensen	Isabel	SPD	DE	MdB
24158261	HeikoMaas	Heiko Maas	Mass	Heiko	SPD	DE	MdB
937678874095300609	KatjaMast	Katja Mast	Mast	Katja	SPD	DE	MdB
19286748	matschie	Christoph Matschie	Matschie	Christoph	SPD	DE	MdB
115614153	HildeMattheis	Hilde Mattheis	Mattheis	Hilde	SPD	DE	MdB
18474443	jakobmierscheid	Jakob Mierscheid	Mierscheid	Jakob	SPD	DE	MdB
845282647261761536	KlausMindrup	Klaus Mindrup	Mindrup	Klaus	SPD	DE	MdB
79228932	FalkoMohrs	Falko Mohrs	Mohrs	Falko	SPD	DE	MdB
1070312229139025920	ClaudiaMollMdB	Claudia Moll	Moll	Claudia	SPD	DE	MdB
912243750809817089	SiemtjeMoeller	SiemtjeM	Möller	Siemtje	SPD	DE	MdB
2443895924	BetMueller	Bettina Müller	Müller	Bettina	SPD	DE	MdB
784760007275515904	MuellerChemnitz	Detlef Müller	Müller	Detlef	SPD	DE	MdB
947740210036641793	Mi_Muentefering	Michelle Müntefering	Müntefering	Michelle	SPD	DE	MdB
792459864312274944	AndreaNahlesSPD	Andrea Nahles	Nahles	Andrea	SPD	DE	MdB
382044198	UlliNissen	Ulli Nissen	Nissen	Ulli	SPD	DE	MdB
293066780	ThomasOppermann	Thomas Oppermann	Oppermann	Thomas	SPD	DE	MdB
21618829	joloulou	Josephine Ortleb, MdB	Ortleb	Josephine	SPD	DE	MdB
83342791	oezoguz	Aydan Özoğuz	Özoğuz	Aydan	SPD	DE	MdB
3163499392	MarkusPaschke	Markus Paschke	Paschke	Markus	SPD	DE	MdB
64159881	CPetryMdB	Christian Petry	Petry	Christian	SPD	DE	MdB
1117749912	Achim_P	Achim Post	Post	Achim	SPD	DE	MdB
741532130	FlorianPost	Florian Post	Post	Florian	SPD	DE	MdB
19257571	FlorianPronold	Florian Pronold	Pronold	Florian	SPD	DE	MdB
30838821	Andreas_Rimkus	Andreas Rimkus	Rimkus	Andreas	SPD	DE	MdB
36327895	SoenkeRix	Sönke Rix MdB	Rix	Sönke	SPD	DE	MdB
18160122	DennisRohde	Dennis Rohde	Rohde	Dennis	SPD	DE	MdB
28784085	MartinRosemann	Dr. Martin Rosemann	Rosemann	Martin	SPD	DE	MdB
38645930	edrossmann	Ernst Dieter Rossmann	Rossmann	Ernst Dieter	SPD	DE	MdB
1114675538	MiRo_SPD	Michael Roth	Roth	Michael	SPD	DE	MdB
159217491	Johann_Saathoff	Johann Saathoff	Saathoff	Johann	SPD	DE	MdB
845213960060243968	NinaScheer_SPD	Nina Scheer	Scheer	Nina	SPD	DE	MdB
3823042877	UdoSchiefner	Udo Schiefner	Schiefner	Udo	SPD	DE	MdB
83795057	NilsSchmid	Nils Schmid	Schmid	Nils	SPD	DE	MdB
95905207	dieschmidt	Dagmar Schmidt	Schmidt	Dagmar	SPD	DE	MdB
96783215	schneidercar	Carsten Schneider	Schneider	Carsten	SPD	DE	MdB
1356753444	jschraps	Johannes Schraps	Schraps	Johannes	SPD	DE	MdB
806975237766135813	mischrodi	Michael Schrodi	Schrodi	Michael	SPD	DE	MdB
17675072	MartinSchulz	Martin Schulz	Schulz	Martin	SPD	DE	MdB
21791639	swenschulz	Swen Schulz	Schulz	Swen	SPD	DE	MdB
30050484	FrankSchwabe	Frank Schwabe #FreeHozanCanê	Schwabe	Frank	SPD	DE	MdB
1117526742	s_schwartze	Stefan Schwartze	Schwartze	Stefan	SPD	DE	MdB
2226815116	Schwarz_MdB	Andreas Schwarz	Schwarz	Andreas	SPD	DE	MdB
50932086	rischwasu	Rita Schwarzelühr-S.	Schwarzelühr-Sutter	Rita	SPD	DE	MdB
3337459024	stadler_svenja	Svenja Stadler	Stadler	Svenja	SPD	DE	MdB
4017796049	stamm_fibich	Martina Stamm-Fibich, MdB	Stamm-Fibich	Martina	SPD	DE	MdB
702653022	SteffenSonja	Sonja Steffen	Steffen	Sonja Amalie	SPD	DE	MdB
46498076	stonie_kiel	Mathias_Stein	Stein	Mathias	SPD	DE	MdB
409258073	michael_thews	Michael Thews (MdB)	Thews	Michael	SPD	DE	MdB
3522875063	Toens_NRW04	Markus Töns	Töns	Markus	SPD	DE	MdB
3577737256	CarstenTraeger	Carsten Träger	Träger	Carsten	SPD	DE	MdB
106684561	UteVogt	Ute Vogt	Vogt	Ute	SPD	DE	MdB
1009457791554281473	MarjaVoellers	Marja-Liisa Völlers	Völlers	Marja-Liisa	SPD	DE	MdB
992808439	GabiWeberSPD	Gabi Weber	Weber	Gabi	SPD	DE	MdB
811960243353780226	DrJoeWeingarten	Dr. Joe Weingarten MdB	Weingarten	Joe	SPD	DE	MdB
1071665423140249600	BerndWestphal4	Bernd Westphal	Westphal	Bernd	SPD	DE	MdB
815469233090023424	DirkWieseSPD	Dirk Wiese Sauerland	Wiese	Dirk	SPD	DE	MdB
64220313	zierke	Stefan Zierke	Zierke	Stefan	SPD	DE	MdB
449619355	JensZimmermann1	Jens Zimmermann	Zimmermann	Jens	SPD	DE	MdB
